А,Аа,audio/А.mp3
Б,Бб,audio/Б.mp3
В,Вв,audio/В.mp3
Г,Гг,audio/Г.mp3
Д,Дд,audio/Д.mp3
Е,Ее,audio/Е.mp3
Ё,Ёё,audio/Ё.mp3
Ж,Жж,audio/Ж.mp3
З,Зз,audio/З.mp3
И,Ии,audio/И.mp3
Й,Йй,audio/Й.mp3
К,Кк,audio/К.mp3
Л,Лл,audio/Л.mp3
М,Мм,audio/М.mp3
Н,Нн,audio/Н.mp3
О,Оо,audio/О.mp3
П,Пп,audio/П.mp3
Р,Рр,audio/Р.mp3
С,Сс,audio/С.mp3
Т,Тт,audio/Т.mp3
У,Уу,audio/У.mp3
Ф,Фф,audio/Ф.mp3
Х,Хх,audio/Х.mp3
Ц,Цц,audio/Ц.mp3
Ч,Чч,audio/Ч.mp3
Ш,Шш,audio/Ш.mp3
Щ,Щщ,audio/Щ.mp3
Ы,Ыы,audio/ы.mp3
Э,Ээ,audio/Э.mp3
Ю,Юю,audio/Ю.mp3
Я,Яя,audio/Я.mp3
